input_size_mb,dpu_cnt,tf_method,cpu_dpu_ms,dpu_cpu_ms
1,1,serial,0.052,0.0494
1,1,parallel,0.052,0.0497
1,1,broadcast,0.0542,0.0311
1,2,serial,0.0485,0.0474
1,2,parallel,0.0494,0.0498
1,2,broadcast,0.0494,0.0357
1,3,serial,0.0502,0.0495
1,3,parallel,0.0503,0.0496
1,3,broadcast,0.0502,0.0325
1,4,serial,0.0498,0.0483
1,4,parallel,0.0569,0.0793
1,4,broadcast,0.0484,0.0439
1,5,serial,0.06,0.076
1,5,parallel,0.0612,0.1054
1,5,broadcast,0.0717,0.046
1,6,serial,0.0697,0.1363
1,6,parallel,0.0726,0.1368
1,6,broadcast,0.0662,0.0739
1,7,serial,0.0818,0.1572
1,7,parallel,0.0801,0.1417
1,7,broadcast,0.0707,0.0779
1,8,serial,0.0879,0.151
1,8,parallel,0.0857,0.1378
1,8,broadcast,0.0851,0.0812
1,9,serial,0.0943,0.1255
1,9,parallel,0.1001,0.1424
1,9,broadcast,0.0906,0.0893
1,10,serial,0.0945,0.1199
1,10,parallel,0.092,0.1408
1,10,broadcast,0.0934,0.088
1,11,serial,0.1155,0.1519
1,11,parallel,0.116,0.1398
1,11,broadcast,0.1081,0.1057
1,12,serial,0.1249,0.1465
1,12,parallel,0.1314,0.1523
1,12,broadcast,0.1176,0.1043
1,13,serial,0.1235,0.1583
1,13,parallel,0.1192,0.1445
1,13,broadcast,0.107,0.1075
1,14,serial,0.1292,0.1537
1,14,parallel,0.1263,0.167
1,14,broadcast,0.1065,0.1261
1,15,serial,0.1381,0.1654
1,15,parallel,0.1318,0.1613
1,15,broadcast,0.1306,0.1286
1,16,serial,0.1511,0.1781
1,16,parallel,0.1394,0.1698
1,16,broadcast,0.1138,0.1204
1,17,serial,0.1469,0.1717
1,17,parallel,0.1458,0.1546
1,17,broadcast,0.1401,0.1224
1,18,serial,0.1492,0.1758
1,18,parallel,0.1545,0.1708
1,18,broadcast,0.1422,0.135
1,19,serial,0.1665,0.1818
1,19,parallel,0.1557,0.1782
1,19,broadcast,0.1285,0.1198
1,20,serial,0.1653,0.1792
1,20,parallel,0.1576,0.1788
1,20,broadcast,0.139,0.1336
1,21,serial,0.1651,0.1768
1,21,parallel,0.1891,0.1856
1,21,broadcast,0.1474,0.1351
1,22,serial,0.1752,0.1812
1,22,parallel,0.1747,0.1872
1,22,broadcast,0.1383,0.1266
1,23,serial,0.1902,0.1922
1,23,parallel,0.1855,0.1973
1,23,broadcast,0.1547,0.1518
1,24,serial,0.1793,0.1896
1,24,parallel,0.1775,0.1938
1,24,broadcast,0.1774,0.1572
1,25,serial,0.2003,0.2163
1,25,parallel,0.1821,0.1983
1,25,broadcast,0.1473,0.1469
1,26,serial,0.1905,0.2022
1,26,parallel,0.1937,0.1967
1,26,broadcast,0.1813,0.1762
1,27,serial,0.2028,0.2062
1,27,parallel,0.2098,0.2171
1,27,broadcast,0.1706,0.1413
1,28,serial,0.218,0.2263
1,28,parallel,0.2225,0.2251
1,28,broadcast,0.1694,0.1776
1,29,serial,0.2091,0.211
1,29,parallel,0.2318,0.2333
1,29,broadcast,0.1649,0.1464
1,30,serial,0.1791,0.2034
1,30,parallel,0.2084,0.223
1,30,broadcast,0.1692,0.156
1,31,serial,0.2143,0.2255
1,31,parallel,0.2145,0.2352
1,31,broadcast,0.1847,0.1716
1,32,serial,0.1923,0.2415
1,32,parallel,0.2245,0.2453
1,32,broadcast,0.1795,0.1664
1,33,serial,0.221,0.2572
1,33,parallel,0.2148,0.2268
1,33,broadcast,0.1639,0.1684
1,34,serial,0.2339,0.2143
1,34,parallel,0.2381,0.2486
1,34,broadcast,0.1914,0.2083
1,35,serial,0.2355,0.2288
1,35,parallel,0.2494,0.2554
1,35,broadcast,0.1797,0.184
1,36,serial,0.2386,0.2394
1,36,parallel,0.2317,0.2327
1,36,broadcast,0.1986,0.2025
1,37,serial,0.2698,0.2807
1,37,parallel,0.2705,0.2734
1,37,broadcast,0.1933,0.2005
1,38,serial,0.2429,0.2615
1,38,parallel,0.2511,0.242
1,38,broadcast,0.2157,0.1986
1,39,serial,0.2627,0.2851
1,39,parallel,0.2605,0.2315
1,39,broadcast,0.1834,0.1829
1,40,serial,0.2478,0.2819
1,40,parallel,0.2713,0.2582
1,40,broadcast,0.2188,0.2136
1,41,serial,0.2757,0.2677
1,41,parallel,0.2646,0.2655
1,41,broadcast,0.1904,0.2163
1,42,serial,0.275,0.2869
1,42,parallel,0.2723,0.2777
1,42,broadcast,0.2329,0.2326
1,43,serial,0.305,0.2775
1,43,parallel,0.2869,0.286
1,43,broadcast,0.1832,0.1987
1,44,serial,0.2941,0.3071
1,44,parallel,0.296,0.2953
1,44,broadcast,0.1994,0.2045
1,45,serial,0.2969,0.2836
1,45,parallel,0.3196,0.2694
1,45,broadcast,0.2034,0.2146
1,46,serial,0.2968,0.2559
1,46,parallel,0.3198,0.3288
1,46,broadcast,0.2271,0.2231
1,47,serial,0.3032,0.2448
1,47,parallel,0.275,0.3193
1,47,broadcast,0.2344,0.2656
1,48,serial,0.2699,0.3275
1,48,parallel,0.3255,0.5177
1,48,broadcast,0.2045,0.2219
1,49,serial,0.3194,0.3001
1,49,parallel,0.3138,0.2846
1,49,broadcast,0.2442,0.2337
1,50,serial,0.3029,0.2724
1,50,parallel,0.2922,0.3046
1,50,broadcast,0.233,0.2356
1,51,serial,0.3029,0.3185
1,51,parallel,0.3421,0.3289
1,51,broadcast,0.2792,0.2711
1,52,serial,0.297,0.3489
1,52,parallel,0.3693,0.3591
1,52,broadcast,0.204,0.2022
1,53,serial,0.3282,0.3087
1,53,parallel,0.3128,0.304
1,53,broadcast,0.2498,0.2629
1,54,serial,0.3085,0.293
1,54,parallel,0.2914,0.3006
1,54,broadcast,0.2466,0.2735
1,55,serial,0.361,0.3429
1,55,parallel,0.2646,0.284
1,55,broadcast,0.2283,0.2307
1,56,serial,0.3343,0.3394
1,56,parallel,0.3552,0.3602
1,56,broadcast,0.283,0.2641
1,57,serial,0.3133,0.3105
1,57,parallel,0.3098,0.3072
1,57,broadcast,0.2797,0.3084
1,58,serial,0.3111,0.3364
1,58,parallel,0.3491,0.3534
1,58,broadcast,0.243,0.2567
1,59,serial,0.3212,0.3521
1,59,parallel,0.3633,0.3756
1,59,broadcast,0.2369,0.2341
1,60,serial,0.3422,0.3412
1,60,parallel,0.3363,0.319
1,60,broadcast,0.2258,0.2123
1,61,serial,0.3499,0.3
1,61,parallel,0.2994,0.3429
1,61,broadcast,0.2722,0.3284
1,62,serial,0.412,0.3397
1,62,parallel,0.3463,0.3819
1,62,broadcast,0.3138,0.2824
1,63,serial,0.3759,0.3346
1,63,parallel,0.3642,0.3666
1,63,broadcast,0.2688,0.2363
1,64,serial,0.36,0.3371
1,64,parallel,0.3979,0.4507
1,64,broadcast,0.3027,0.2996
24,1,serial,0.5051,0.4871
24,1,parallel,0.4944,0.5039
24,1,broadcast,0.4878,0.0293
24,2,serial,0.3527,0.3559
24,2,parallel,0.3449,0.3746
24,2,broadcast,0.3427,0.0338
24,3,serial,0.2676,0.2622
24,3,parallel,0.2723,0.3478
24,3,broadcast,0.2776,0.0355
24,4,serial,0.2152,1.3766
24,4,parallel,0.1849,0.6607
24,4,broadcast,0.1716,0.0389
24,5,serial,0.1665,1.8995
24,5,parallel,0.1656,1.1701
24,5,broadcast,0.1475,0.0557
24,6,serial,0.1715,1.1328
24,6,parallel,0.1903,1.5312
24,6,broadcast,0.1584,0.0703
24,7,serial,0.1866,1.5869
24,7,parallel,0.1781,1.1136
24,7,broadcast,0.1632,0.0802
24,8,serial,0.183,1.3149
24,8,parallel,0.2271,0.9533
24,8,broadcast,0.1672,0.0874
24,9,serial,0.963,0.9364
24,9,parallel,0.516,0.884
24,9,broadcast,0.2079,0.0845
24,10,serial,0.227,0.9777
24,10,parallel,0.224,1.2941
24,10,broadcast,0.2006,0.0939
24,11,serial,0.2221,1.2259
24,11,parallel,0.2637,0.7803
24,11,broadcast,0.2494,0.1133
24,12,serial,0.2362,1.0117
24,12,parallel,0.4958,0.8697
24,12,broadcast,0.2653,0.1222
24,13,serial,0.719,0.9407
24,13,parallel,0.2368,1.1101
24,13,broadcast,0.2088,0.1147
24,14,serial,0.2753,0.8227
24,14,parallel,0.242,0.9942
24,14,broadcast,0.2141,0.1235
24,15,serial,0.2501,1.0074
24,15,parallel,0.2451,1.1053
24,15,broadcast,0.2096,0.1237
24,16,serial,0.2535,1.0302
24,16,parallel,0.248,1.0299
24,16,broadcast,0.2195,0.1317
24,17,serial,0.2585,0.965
24,17,parallel,0.2458,1.1729
24,17,broadcast,0.2386,0.1488
24,18,serial,0.2598,0.96
24,18,parallel,0.237,1.1257
24,18,broadcast,0.2097,0.1419
24,19,serial,0.2587,1.0465
24,19,parallel,0.2548,1.1277
24,19,broadcast,0.2328,0.1544
24,20,serial,0.27,1.1862
24,20,parallel,0.257,1.1366
24,20,broadcast,0.2212,0.162
24,21,serial,0.2646,1.0543
24,21,parallel,0.2749,1.1885
24,21,broadcast,0.2196,0.1532
24,22,serial,0.2714,1.1383
24,22,parallel,0.2729,1.131
24,22,broadcast,0.2408,0.1636
24,23,serial,0.2994,0.8527
24,23,parallel,0.2716,1.1366
24,23,broadcast,0.2585,0.1618
24,24,serial,0.2786,1.0421
24,24,parallel,0.2869,1.0181
24,24,broadcast,0.2351,0.1791
24,25,serial,0.2892,1.1221
24,25,parallel,0.2782,1.0756
24,25,broadcast,0.2417,0.1705
24,26,serial,0.2941,1.2531
24,26,parallel,0.2887,0.9989
24,26,broadcast,0.2278,0.1455
24,27,serial,0.3059,1.2312
24,27,parallel,0.3099,1.0672
24,27,broadcast,0.2096,0.1739
24,28,serial,0.3071,1.1366
24,28,parallel,0.2989,1.1391
24,28,broadcast,0.229,0.1754
24,29,serial,0.3242,1.3644
24,29,parallel,0.337,0.932
24,29,broadcast,0.2677,0.2016
24,30,serial,0.3262,1.3573
24,30,parallel,0.3279,1.2807
24,30,broadcast,0.2439,0.1653
24,31,serial,0.3173,1.0482
24,31,parallel,0.3214,1.084
24,31,broadcast,0.2506,0.1992
24,32,serial,0.3658,1.0228
24,32,parallel,0.3347,1.1801
24,32,broadcast,0.2456,0.1782
24,33,serial,0.3397,1.1292
24,33,parallel,0.3204,1.0263
24,33,broadcast,0.2809,0.2061
24,34,serial,0.3448,1.3146
24,34,parallel,0.3402,1.1442
24,34,broadcast,0.2595,0.1803
24,35,serial,0.352,1.2495
24,35,parallel,0.3497,1.1572
24,35,broadcast,0.2756,0.1886
24,36,serial,0.361,1.0679
24,36,parallel,0.3379,1.2253
24,36,broadcast,0.2865,0.1952
24,37,serial,0.3698,1.2174
24,37,parallel,0.3404,1.0877
24,37,broadcast,0.2994,0.2366
24,38,serial,0.3518,1.2275
24,38,parallel,0.3486,1.2337
24,38,broadcast,0.2963,0.1908
24,39,serial,0.3523,1.2133
24,39,parallel,0.3588,1.1712
24,39,broadcast,0.2594,0.2043
24,40,serial,0.3585,1.2671
24,40,parallel,0.3613,1.1962
24,40,broadcast,0.2557,0.1798
24,41,serial,0.3875,1.1867
24,41,parallel,0.3663,1.1609
24,41,broadcast,0.2708,0.1803
24,42,serial,0.3647,1.0486
24,42,parallel,0.3735,1.3482
24,42,broadcast,0.3031,0.2037
24,43,serial,0.3902,1.2225
24,43,parallel,0.3531,1.0624
24,43,broadcast,0.2648,0.2339
24,44,serial,0.384,1.2786
24,44,parallel,0.3771,1.2138
24,44,broadcast,0.2762,0.2058
24,45,serial,0.4025,1.2605
24,45,parallel,0.3774,1.2887
24,45,broadcast,0.2873,0.2117
24,46,serial,0.4064,1.3561
24,46,parallel,0.3714,1.3744
24,46,broadcast,0.2818,0.2347
24,47,serial,0.4174,1.2614
24,47,parallel,0.409,1.1184
24,47,broadcast,0.2833,0.2541
24,48,serial,0.4257,1.3581
24,48,parallel,0.383,1.253
24,48,broadcast,0.2517,0.1958
24,49,serial,0.3939,1.0758
24,49,parallel,0.3989,1.1803
24,49,broadcast,0.299,0.1973
24,50,serial,0.4163,1.1898
24,50,parallel,0.4082,1.3094
24,50,broadcast,0.7102,0.2583
24,51,serial,0.4428,1.4153
24,51,parallel,0.4228,1.4132
24,51,broadcast,0.3225,0.2276
24,52,serial,0.4151,1.3355
24,52,parallel,0.435,1.3841
24,52,broadcast,0.3001,0.233
24,53,serial,0.4304,1.3691
24,53,parallel,0.4445,1.4071
24,53,broadcast,0.3187,0.2146
24,54,serial,0.4594,1.3303
24,54,parallel,0.4342,1.3537
24,54,broadcast,0.3116,0.2398
24,55,serial,0.4417,1.2873
24,55,parallel,0.4202,1.3105
24,55,broadcast,0.3421,0.2931
24,56,serial,0.4497,1.3095
24,56,parallel,0.4515,1.2869
24,56,broadcast,0.3632,0.2587
24,57,serial,0.4514,1.5621
24,57,parallel,0.45,1.4915
24,57,broadcast,0.3372,0.2256
24,58,serial,0.4548,1.3483
24,58,parallel,0.4615,1.3419
24,58,broadcast,0.3251,0.239
24,59,serial,0.4754,1.5333
24,59,parallel,0.4752,1.3806
24,59,broadcast,0.3328,0.2443
24,60,serial,0.4632,1.4252
24,60,parallel,0.4763,1.3331
24,60,broadcast,0.386,0.2573
24,61,serial,0.4725,1.3516
24,61,parallel,0.464,1.4628
24,61,broadcast,0.3642,0.2302
24,62,serial,0.5483,1.6004
24,62,parallel,0.5696,1.677
24,62,broadcast,0.3396,0.2682
24,63,serial,0.4815,1.5502
24,63,parallel,0.4667,1.4732
24,63,broadcast,0.3386,0.2587
24,64,serial,0.4761,1.4337
24,64,parallel,0.4913,1.4636
24,64,broadcast,0.3418,0.2903
48,1,serial,1.0447,1.0432
48,1,parallel,0.9975,0.9827
48,1,broadcast,1.0299,0.0326
48,2,serial,0.7337,2.4037
48,2,parallel,0.7091,2.3197
48,2,broadcast,0.7665,0.0363
48,3,serial,0.6526,1.1693
48,3,parallel,0.6539,1.016
48,3,broadcast,0.7115,0.0451
48,4,serial,0.5128,0.7888
48,4,parallel,0.5199,1.9177
48,4,broadcast,0.5477,0.0447
48,5,serial,0.3926,1.0546
48,5,parallel,0.4111,1.8612
48,5,broadcast,0.4434,0.0462
48,6,serial,0.3973,1.5949
48,6,parallel,0.3828,1.1238
48,6,broadcast,0.4302,0.0502
48,7,serial,0.3721,1.5131
48,7,parallel,0.3769,1.4478
48,7,broadcast,0.381,0.0664
48,8,serial,0.3652,2.2192
48,8,parallel,0.3676,2.1719
48,8,broadcast,0.4152,0.0915
48,9,serial,0.4179,1.5786
48,9,parallel,0.4156,1.9051
48,9,broadcast,0.4498,0.0962
48,10,serial,0.4154,1.3356
48,10,parallel,0.4028,2.349
48,10,broadcast,0.4235,0.0918
48,11,serial,0.3996,1.5038
48,11,parallel,0.3898,1.818
48,11,broadcast,0.4085,0.0989
48,12,serial,0.3961,1.6912
48,12,parallel,0.3925,1.9282
48,12,broadcast,0.4012,0.1166
48,13,serial,0.4032,1.6033
48,13,parallel,0.3841,1.7313
48,13,broadcast,0.405,0.1174
48,14,serial,0.4363,1.2927
48,14,parallel,0.3923,1.6774
48,14,broadcast,0.3933,0.1253
48,15,serial,0.4172,1.2739
48,15,parallel,0.3927,1.4546
48,15,broadcast,0.4168,0.1314
48,16,serial,0.3957,1.6103
48,16,parallel,0.3882,1.6553
48,16,broadcast,0.3934,0.1312
48,17,serial,0.398,1.3783
48,17,parallel,0.409,1.5214
48,17,broadcast,0.4198,0.1403
48,18,serial,0.3796,1.8107
48,18,parallel,0.3813,1.3967
48,18,broadcast,0.3925,0.1468
48,19,serial,0.3988,1.6179
48,19,parallel,0.4049,1.7703
48,19,broadcast,0.4095,0.1501
48,20,serial,0.4241,1.6129
48,20,parallel,0.4088,1.6207
48,20,broadcast,0.4107,0.1575
48,21,serial,0.4338,1.7514
48,21,parallel,0.3922,1.5327
48,21,broadcast,0.3801,0.17
48,22,serial,0.3974,2.0007
48,22,parallel,0.4138,1.6318
48,22,broadcast,0.3846,0.1729
48,23,serial,0.3914,1.7204
48,23,parallel,0.3887,1.6479
48,23,broadcast,0.4526,0.1921
48,24,serial,0.4249,1.6398
48,24,parallel,0.4136,1.4917
48,24,broadcast,0.3894,0.1906
48,25,serial,0.43,1.5255
48,25,parallel,0.432,1.9128
48,25,broadcast,0.3914,0.1767
48,26,serial,0.4294,1.7718
48,26,parallel,0.4347,1.9246
48,26,broadcast,0.4152,0.1969
48,27,serial,0.4376,1.7294
48,27,parallel,0.4164,1.8768
48,27,broadcast,0.5877,0.2169
48,28,serial,0.4755,1.5702
48,28,parallel,0.4756,1.7344
48,28,broadcast,0.4251,0.2209
48,29,serial,0.4554,1.7067
48,29,parallel,0.4515,1.7286
48,29,broadcast,0.3883,0.1927
48,30,serial,0.4763,1.8826
48,30,parallel,0.4355,1.7202
48,30,broadcast,0.4167,0.2194
48,31,serial,0.4627,1.6544
48,31,parallel,0.4602,1.7873
48,31,broadcast,0.3967,0.1994
48,32,serial,0.4686,1.777
48,32,parallel,0.4788,1.6651
48,32,broadcast,0.4425,0.2072
48,33,serial,0.4772,1.7683
48,33,parallel,0.4949,1.6839
48,33,broadcast,0.404,0.219
48,34,serial,0.515,1.2608
48,34,parallel,0.4804,1.6218
48,34,broadcast,0.419,0.2172
48,35,serial,0.4951,1.8995
48,35,parallel,0.4835,1.9214
48,35,broadcast,0.4381,0.2224
48,36,serial,0.4952,1.8293
48,36,parallel,0.4833,1.8682
48,36,broadcast,0.4487,0.2282
48,37,serial,0.4914,2.0875
48,37,parallel,0.4863,2.0877
48,37,broadcast,0.419,0.2029
48,38,serial,0.5121,1.8693
48,38,parallel,0.4824,1.9235
48,38,broadcast,0.4229,0.2275
48,39,serial,0.528,1.8368
48,39,parallel,0.51,1.9184
48,39,broadcast,0.422,0.226
48,40,serial,0.521,1.966
48,40,parallel,0.5937,1.6638
48,40,broadcast,0.4366,0.2291
48,41,serial,0.5539,1.632
48,41,parallel,0.4936,2.0016
48,41,broadcast,0.4886,0.263
48,42,serial,0.5092,2.0961
48,42,parallel,0.5077,1.9402
48,42,broadcast,0.4257,0.2256
48,43,serial,0.5109,1.8689
48,43,parallel,0.5359,2.0319
48,43,broadcast,0.446,0.2494
48,44,serial,0.6536,1.7674
48,44,parallel,0.5266,2.0633
48,44,broadcast,0.5406,0.3149
48,45,serial,0.533,2.2523
48,45,parallel,0.545,2.0971
48,45,broadcast,0.4663,0.2551
48,46,serial,0.5433,2.1219
48,46,parallel,0.5375,2.1007
48,46,broadcast,0.4789,0.3073
48,47,serial,0.5525,2.2693
48,47,parallel,0.5342,2.1133
48,47,broadcast,0.4791,0.2312
48,48,serial,0.5491,1.9592
48,48,parallel,0.5293,1.9932
48,48,broadcast,0.4783,0.2288
48,49,serial,0.5804,2.0182
48,49,parallel,0.5468,2.1736
48,49,broadcast,0.4722,0.2529
48,50,serial,0.5754,2.2382
48,50,parallel,0.5504,2.2382
48,50,broadcast,0.4738,0.2376
48,51,serial,0.5651,2.0389
48,51,parallel,0.5656,2.3078
48,51,broadcast,0.4778,0.2186
48,52,serial,0.5566,2.2052
48,52,parallel,0.59,2.1413
48,52,broadcast,0.6809,0.3743
48,53,serial,0.6023,2.2059
48,53,parallel,0.5817,2.1325
48,53,broadcast,0.5326,0.25
48,54,serial,0.5859,2.1891
48,54,parallel,0.5824,2.0468
48,54,broadcast,0.4569,0.2376
48,55,serial,0.5878,2.1196
48,55,parallel,0.5548,2.2482
48,55,broadcast,0.4777,0.2109
48,56,serial,0.5908,2.1971
48,56,parallel,0.5785,2.2645
48,56,broadcast,0.4963,0.2659
48,57,serial,0.626,2.4167
48,57,parallel,0.6032,2.1592
48,57,broadcast,0.5035,0.259
48,58,serial,0.6582,2.0847
48,58,parallel,0.5917,2.0512
48,58,broadcast,0.4549,0.2369
48,59,serial,0.6244,2.3268
48,59,parallel,0.604,2.224
48,59,broadcast,0.4965,0.2826
48,60,serial,0.6115,2.1933
48,60,parallel,0.6329,2.3338
48,60,broadcast,0.5404,0.3159
48,61,serial,0.6157,2.2141
48,61,parallel,0.6184,2.0416
48,61,broadcast,0.5138,0.2582
48,62,serial,0.6333,2.1449
48,62,parallel,0.5726,2.1159
48,62,broadcast,0.5576,0.2712
48,63,serial,0.6112,2.2329
48,63,parallel,0.6337,2.2272
48,63,broadcast,0.4854,0.3079
48,64,serial,0.6426,2.3638
48,64,parallel,0.646,2.3843
48,64,broadcast,0.5151,0.2714
